"Method","Prompt","$d_{KL}(p||p^{*})$"
"Ground truth.","When were atomic weapons first used?","$0.0\pm0.0"
"GPT-4 warm","Explain the events of the first ever atomic bombing in Hiroshima in 1945","$28.3\pm0.3"
"GPT-4 warm + fluency","Describe the first instance when atomic weapons were used","$6.3\pm0.1"
"GPT-4 warm + prune","Discuss the first use of atomic weapons in history","$12.3\pm0.2"
"cold start","Cuandoństw XIV sirën nuclearęž использова","$7.5\pm0.2"
"warm start","ated Wilm Use first ever atomic wsaporiffs]S,iroshima eute 19 <","$4.4\pm0.3"
"warm + fluency","createdhöokercussionraa when atomic weapons född used","$0.7\pm0.1"
"warm + prune","enk Years first use ob atomic weaponsandal aws","$2.4\pm0.1"
"Ground truth","How can cities become more eco-friendly ","$0.0\pm0.0"
"GPT-4 warm","Describe strategies for making a city more eco-friendly.","$12.1\pm0.4"
"GPT-4 warm + fluency","What measures can a city take to become more eco-friendly?","$11.2\pm0.3"
"GPT-4 warm + prune","List examples of eco-friendly strategies for cities.","$16.0\pm0.7"
"cold start","EQnerne LiterIG waysCanimocity clean","$9.7\pm0.6"
"warm start","iy Italiesiy making a city more eco Ley i Hi czy","$3.6\pm0.4"
"warm fluency","WHERE6 cantre cityzystitz divent more eco GreeZcapt","$2.2\pm0.3"
"warm prune","conserplaninger eco'(friendly jak porei cities..","$5.0\pm0.4"
"Ground truth","Write a customer service response to address the following customer inquiry: """"I received the wrong item, what""","$0.0\pm0.0"
"GPT-4 warm","Write a customer service response to a customer who received the wrong item in their order.","8.6±0.7"
"GPT-4 warm + fluency","Write a customer service response to a customer who received the wrong item in their order.","$8.6\pm0.7"
"GPT-4 warm + prune","Draft a letter apologising to a customer for shipping a wrong product","$24.8\pm0.6"
"cold start","authentic notes Altern Messageanti Modal cargo return","$14.4\pm0.5"
"warm start","Write a customer service responseutions Lim received the wrong item?","$0.9\pm0.1"
"warm fluency","Write E customer service response pagelip wheneverin received the wrong thingunosObj Pala(""""","$1.7\pm0.2"
"warm + prune","volunte Develop Develop footer amenuy f fort reply for shipping a wrongatve","$5.4\pm0.4"
"Ground truth","Imagine you are talking to a customer who is looking for advice on choosing a phone system. Write a reply tha","$0.0\pm0.0"
"GPT-4 warm","I am tasked with finding a new phone system for my company. Can you provide some guidance on factors to e","$36.2\pm0.\$$"
"GPT-4 warm + fluency","What should I consider when choosing a phone system for my business?","$38.5\pm0.8"
"GPT-4 warm + prune","I am tasked with finding a new phone system for my company. Can you provide some guidance on factors to e","$36.2\pm0.9"
"cold start","Pref uting ParDATE free Pumber call","$24.4\pm0.5"
"warm start","Please svolould anotherpat prospect a choosing phone systemNov!!!Hello))] indschließend telling buyon S","$7.4\pm0.4"
"warm + fluency","interviewyou bud Remative choosing a phone system You Di úconsole","$10.2\pm0.6"
"warm + prune","Neu strateghir conversation smiledbara Zach selects phone system (dbkovtele valle TERew some guidance vs","$10.6+0.8"
"Ground truth","I started eating healthier.","$0.0\pm0.0"
"GPT-4 warm","Explain how you made improvements to your eating habits.","$41.8\pm0.7"
"GPT-4 warm + fluency","Explain how you made improvements to your eating habits.","$11.8\pm0.7"
"GPT-4 warm + prune","Narrate the changes you made to transition to a nutritious diet.","$44.1\pm0.7"
"cold start","began craw higher cебя","$23.8\pm0.9"
"warm start","Durch converные)/ made improvements to your eating habits Comment","$23.9\pm0.6"
"warm fluency","завоhe keen Has commence improvements Story your eating habits.","$26.7\pm0.6"
"warm + prune","THEN begine You conversionnumerableDC beginjor to platejdacious diet.","$17.7\pm0.7"
"Ground truth.","Give 5 examples of common family values.","$0.0+0.0"
"GPT-4 warm","Can you share examples of widely accepted family values?","$9.0\pm0.6"
"GPT-4 warm + fluency","What principles do most families abide by?","$16.9\pm0.8"
"GPT-4 warm + prune","What values does a typical family have?","$16.6\pm0.6"
"cold start","some Organ mésorsedom) family principles comпов","$12.3\pm0.5"
"warm start","letzten bott Five examples ofècommon family valuesily","$2.2+0.9"
"warm fluency","examples T most families valuesetaips Activ","$8.0\pm0.4"
"warm + prune","great values some proved For family Family importance","$11.4\pm0.4"
"Ground truth","Suppose you have a table named """"transactions"""" with columns """"transaction id"""", """"customer id"""", """"transaction da""","$0.0\pm0.0"
"GPT-4 warm","How to use SQL to find customers who boosted their spending the most from last month?","$\overline{4.1+0.6}$"
"GPT-4 warm + fluency","Show me a SQL query to track customers with major spending increase.","$35.8+0.8"
"GPT-4 warm + prune","Show me a SQL query to track customers with major spending increase..","$35.8\pm0.8"
"cold start","highest BY percentageNext unique customer cambio WHEREoto","$23.7\pm0.4"
"warm start","Mievementtransaction SQL to find customers laicional spending Seconds últimaicinembroila Mediter","$17.4\pm0.7"
"fluency warm","andra terminated SOL-Best Prim customers/J spending increase percentage","21.2±0.4"
"warm prune","nicely sqlatically YES Newton percentage easiest customersanvik Mercurlige reun Similar","$22.2+0.6"
"Ground truth","Explain the meaning of """"I see not the waves but the hand of God"""",","$0.0\pm0.0"
"GPT-4 warm","What is the meaning behind the phrase 'I see not the waves but the hand of God""?","$1.2\pm0.3"
"GPT-4 warm + fluency","What does the phrase I see not the waves but the hand of God suggest about a person's perception or belief?","$13.0\pm0.4"
"GPT-4 warm + prune","Explain the phrase 'I see not the waves but the hand of God' in spiritual context.","$5.2\pm0.4"
"cold start","times(1) jakovisualisión phrase diednal Иван","$36.8\pm0.4"
"warm start","What is the meaning behind the phrase """"I see not the waves but the hand of God?""","$1.2\pm0.3"
"warm + fluency","Whatiat the meaning 'I see not the waves but the hand of God SeeepEnter for whole dipp on trbr","$0.6\pm0.1"
"warm + prune","Explain the phrase 'I see not the waves but the hand of God' most ico practices","$1.0\pm0.2"
"Ground truth","Compare and contrast active listening and regular listening.","$0.0\pm0.0"
"GPT-4 warm","What is the difference between active and regular listening?","$5.3\pm0.7"
"GPT-4 warm + fluency","Explain the difference between active listening and regular listening","$5.1\pm0.7"
"GPT-4 warm + prune","In what ways does active listening differ from regular listening?","$11.1\pm0.6"
"cold start","jši pr lime differences activeйн ant usualaла","$13.5\pm0.8"
"warm start","priewererve difference between active and regular listening UP","$4.7\pm0.7"
"warm + fluency","fersapo outline between]] active listening and regular listening","$3.7\pm0.5"
"warm prune","dess DISifferent doesactive listeningouv from regularLE catalog","$6.1\pm0.7"
"Ground truth","Describe the definition of artificial intelligence in one sentence.","$0.0\pm0.0"
"GPT-4 warm","Explain the concept of Artificial Intelligence in the context of Computer Science.","$10.9\pm0.9"
"GPT-4 warm + fluency","Provide a description of Artificial Intelligence with focus on learning and problem-solving.","$10.6\pm0.9"
"GPT-4 warm + prune","Express the idea of Artificial Intelligence in relation to machine and human intelligence.","$10.7\pm0.9"
"cold start","artific (definчке розхід Spanish","$3.7\pm0.4"
"warm start","Expsimp the concept!: Art beskrevscipl nelligenceieve ne prod alive rii","$2.8\pm0.4"
"warm fluency","Powdefined descriptioma Artificial elligenceaddyposed zelfLOGclruction jourocoaydrorit","$2.9\pm0.4"
"warm prune","Express isolated summary ofbertoificialTelligence:ONEanely expressionfnatically ba","$2.7\pm0.4"
"Ground truth","Design a product to help people manage their time","$0.0\pm0.c"
"GPT-4 warm","Describe a time management app that uses machine learning algorithms.","$32.9\pm1.0"
"GPT-4 warm + fluency","Explain the features of an Al-powered digital assistant that helps with time management.","$38.0\pm0.8"
"GPT-4 warm + prune","What could a product that combines a digital calendar and a to-do list look like?","$39.2\pm1.0"
"cold start","helpful functionality personaod building theretimer Rephon","$21.4\pm0.7"
"warm start","makeme a time management product thatừ AProducts Temp","$11.6\pm0.5"
"warm + fluency","products ideisézd problema provpoleurbecueнт componentpure Product that helps persons time management","$12.3\pm0.5"
"warm + prune","kre ingename product that Done timparaza Simstereianhapasrım designeduta providing routine","$14.6\pm0.5"
"Ground truth","The students are excited about their upcoming assignment.","$0.0\pm0.0"
"GPT-4 warm","Rewrite """"The students are excited about their upcoming assignment. to display greater eagerness.""""","$20.4\pm0.7"
"GPT-4 warm + fluency","Provide a more impactful version of 'The students are excited about their upcoming assignment.""""","$16.5+0.7"
"GPT-4 warm + prune","Provide a more impactful version of The students are excited about their upcoming assignment ","$16.5+0.7"
"cold start","theseStudent asto ignment помош verb fast","$32.7\pm0.7"
"warm start","""-""""The students are excited WM their poncoming assignment,' analy stronger CM odd Lamb""""","$12.4\pm0.5"
"warm + fluency","protection sentence again more effective? ele The students are excited zаr раncoming assignment.-","$12.5\pm0.6"
"warm prune","sentence somehowint more sypent strong LIKE Me The students are excited incon ninger aos assignment.","$151+05"
"Ground truth.","Offer an opinion on the problems that could arise from using Al.","$0.0\pm0.0"
"GPT-4 warm","What are some issues that might be caused by the use of Al?","$14.0\pm0.i"
"GPT-4 warm + fluency","Highlight key problems linked with Al implementation.","$20.8\pm0.7"
"GPT-4 warm + prune","Point out some possible challenges that could be seen with the use of AL.","$18.1\pm0.6"
"cold start","skéлькоesome må Eth convenienceffectpport humans Problem","$14.3\pm0.5"
"warm start","True Hay jy problem которы vil causeda To use zou Al","$4.3\pm0.4"
"warm fluency","мін problemselles Vit Al consequences","$7.0\pm0.4"
"warm + prune","Problem thingsptop affili subsequentlyrong that could positeso je okay use onto Al.","$4.6\pm0.4"
"Ground truth","Outline a strategy to increase the number of website visitors","$0.0+0.0"
"GPT-4 warm","How can I attract more visitors to my website?","$24~9+11"
"GPT-4 warm + fluency","How to increase the number of website visitors?","$14.7\pm0.9"
"GPT-4 warm + prune","What are possible strategies to increase website traffic?","$26.8\pm1.2"
"cold start","increnseoue websitesouéscation visitors-S Phys","$11.6\pm0.6"
"warm start","increasing micмoмь годи visitorsStrategy moju websiterules","$10.7\pm0.5"
"warm fluency","plan Sul increase lenClienteton website visitors strategy","$6.4+0.3"
"warm prune","writearu Nation strategun toln website countasm","$11.1\pm0.5"
"Ground truth","Compare cats and dogs.","$0.0\pm0.0"
"GPT-4 warm","What are some differences between cats and dogs?","$6.5\pm0.5"
"GPT-4 warm + fluency","List the differences between a cat and a dog.","$10.3+0.5"
"GPT-4 warm + prune","What are some differences between cats and dogs?","$6.5\pm0.5"
"cold start","categorностипи Conskávier alés Zusammen","$12.1\pm0.4"
"warm start","отурincan compared cats and dogså","$1.8\pm0.2"
"warm fluency","Ehe comparison ow woj cat undtd dogeru","$2.6\pm0.5"
"warm + prune","raz gli proportroyiest catsomi dogs descri","4.9±0.3"
"Ground truth","I need some help with packing. What items should I bring on my two-day hiking trip""","$0.0\pm0.0"
"GPT-4 warm","Tell me what to bring on a two-day hiking trip.","$4.8\pm0.4"
"GPT-4 warm + fluency","What essentials should I pack for a two-day hiking trip?","$10.4\pm0.8"
"GPT-4 warm + prune","Provide a packing list for a two-dav hiking trip.","$9.0\pm0.4"
"cold start","Cališaneedom DAY Pack everything set","$17.1\pm0.4"
"warm start","Ste me what to bring mu po two-day hiking trip mult","$3.4\pm0.3"
"warm + fluency","QuestionmustFzej I pack for curious two-day hiking everitted","$5.1\pm0.3"
"warm prune","onders suooret packing necess for a two weldayanhikingSide II","6.2±0.4"
"Ground truth","Construct a hyperbole that captures the color of the sunset..","0.0+0.0"
"GPT-4 warm","Explain the elements and beauty of a sunset, using hyperbolical expressions.","$17.2\pm0.9"
"GPT-4 warm + fluency","Describe a breathtaking sunset sky in the evening. Include hyperbole.","$17.0\pm1.J"
"GPT-4 warm + prune","Describe a breathtaking sunset sky in the evening. Include hyperbole.","$17.0\pm1.1"
"cold start","Og ikkenim Experösak sõuenaundial splendid","$25.3\pm0.7"
"warm start","Keep uit compl sunset using hyperbolêt expressionsun","$8.3\pm0.6"
"warm fluency","rian ému emissionbg"""" sunset EedAH. Include hyperbole""","$7.5\pm0.5"
"warm + prune","rightomenafox Trainrongothe sunset Color ä Hendarin?! Include hyperbole","$5.7\pm0.5"
"Ground truth.","Describe the star formation process.","$0.0\pm0.0"
"GPT-4 warm","What leads to the creation of new stars?","$16.3\pm0.7"
"GPT-4 warm + fluency","Describe the process by which a star is formed.","$13.2\pm0.5"
"GPT-4 warm + prune","What is the star formation process?","$0.7\pm0.1"
"cold start","stronom hoofнатаgoteqnctionroduction simaterial formed","$5.3\pm0.2"
"warm start","Produ bundculestuscation of stars efect","$4.4\pm0.2"
"warm fluency","D. CreensiveSeqarfuce describing star formed monde","$3.5\pm0.2"
"warm + prune","What is the star formation process?","$0.7\pm0.1"
"Ground truth","Name two electrical insulators","$0.0\pm0.0"
"GPT-4 warm","Which two materials are often used as electrical insulators?","$8.7\pm0.t"
"GPT-4 warm + fluency","Which two materials are often used as electrical insulators?","$8.7\pm0.6"
"GPT-4 warm + prune","List two common electrical insulating materials","$18.3\pm0.3"
"cold start","exañames two electro common Einwohner"""" inspect""","$7.5\pm0.6"
"warm start","fasst two Namen ihrererme heat Gem electaler insulators других","$3.5\pm0.3"
"warm fluency","Give twon He I electrical insapter Cel","$3.5\pm0.5"
"warm + prune","agua two common electdk insulatinguls","5.4±0.5"
"Ground truth","Generate an original story set in an urban cityscape,","$0.0\pm0.c"
"GPT-4 warm","Describe a bustling city from a third-person perspective.","$17.9\pm0.8"
"GPT-4 warm + fluency","Describe a bustling city from a third-person perspective.","$17.9\pm0.8"
"GPT-4 warm + prune","Describe the atmosphere of a bustling city during sunrise.","$28.8\pm0.9"
"cold start","write Urban egi fictionская Story","$4.5+0.4"
"warm start","éra pro story коміте мн city generate,, third-person ASSISTANT","$6.5\pm0.5"
"warm + fluency","jywrite fake Storyauc minim novel sub third-person övercity","$5.2\pm0.5"
"warm + prune","ingerssten stories seen of a um nerting critine cityenarioHS","$7.5\pm0.4"
"Ground truth","Design an indoor workout plan for a beginner","$0.0+0.6"
"GPT-4 warm","How can a beginner start working out indoors?","$\overline{15.7+0.4}$"
"GPT-4 warm + fluency","What would be a good indoor workout for someone just starting out?","$14.4\pm0.4"
"GPT-4 warm + prune","Can you recommend an indoor exercise routine for beginners?","$17.3\pm0.5"
"cold start","anda män exerciseHelpWTtr alap bir wobinter","$19.1\pm0.4"
"warm start","ński plat a beginnerzysk working out indoorslaz","$7.5\pm0.3"
"warm + fluency","aoelter Writeauni indoor workout forabendor starting outGenerator","$3.7\pm0.3"
"warm prune","praresdefineangh indoor Desior for beg Bahtero","$4.2\pm0.3"
"Ground truth","Describe the opportunities provided by virtual reality for businesses.","$0.0\pm0.0"
"GPT-4 warm","What are some opportunities Virtual Reality offers for businesses?","$4.5\pm0.3"
"GPT-4 warm + fluency","Discuss the potential of Virtual Reality in business","$16.5+0.7"
"GPT-4 warm + prune","What are some opportunities Virtual Reality offers for businesses?","$4.5\pm0.3"
"cold start","wicht battleottom opportunhy Virtual msrainy","$10.4\pm0.5"
"warm start","Whatályüt opportunien Virtual relality for business xita","$3.2\pm0.3"
"warm fluency","Optionsënunto potential of Virtualvricrosoftordo business","$7.8\pm0.4"
"warm + prune","What are some opportunities Virtual Reality offers for businesses?","$4.5\pm0.3"
"Ground truth","Explain what an API is.","0.0±0.0"
"GPT-4 warm","What does API stands for?","4.4±0.5"
"GPT-4 warm + fluency","Explain the role of API in software development.","$4.7\pm0.3"
"GPT-4 warm + prune","Explain what API means in the field of programming.","$2.2\pm0.2"
"cold start","define explaensk How Ani.(geen expla looked","$0.8\pm0.1"
"warm start","como API stands AT ASSISTANT","$1.3\pm0.2"
"warm fluency","Sel explanation of API in"""":1:""","$0.4\pm0.1"
"warm + prune","Lehr platforms what API means beginning Aood OF evaluateining","0.3±0.1"
"Ground truth","Suggest a creative idea for a marketing campaign.","$0.0\pm0.0"
"GPT-4 warm","What kind of engaging social media scavenger hunt could work for a marketing campaign?","$35.8\pm0.8"
"GPT-4 warm + fluency","What kind of interactive marketing campaign idea using augmented reality could be proposed?","$33.5\pm0.6"
"GPT-4 warm + prune","What kind of engaging social media scavenger hunt could work for a marketing campaien?","$35.8\pm0.8"
"cold start","Marketicangest recom одна ideas cre ativo","$5.9\pm0.3"
"warm start","moree act iencyixelpú creinoży Eine ry marketing idea","$10.0\pm0.3"
"warm + fluency","one istichteigi marketing campaign Creativeőlor idea amazлжи cool","$4.6\pm0.3"
"warm prune","sP cou idedression indu Task:// Givere couldinea trick Ch marketdri campaign?","$9.9\pm0.3"
"Ground truth","Calculate 7 times 5.","$0.0\pm0.0"
"GPT-4 warm","Calculate 7 multiplied by 5.","$4.7\pm0.3"
"GPT-4 warm + fluency","Calculate 7 multiplied by 5.","$4.7\pm0.3"
"GPT-4 warm + prune","Calculate 7 multiplied by 5.","$4.7\pm0.3"
"cold start","Seven piresftimes fünf aws","$8.8\pm0.4"
"warm start","Calculate 7 multiplied by 5.","$1.7\pm0.3"
"warm + fluency","Calculate 7 multiplied by 5.","$4.7\pm0.3"
"warm prune","Calculate 7 multiplied by S","$4.7\pm0.3"
"Ground truth","Suggest a location for a weekend getaway","$0.0\pm0.0"
"GPT-4 warım","Can you suggest a unique weekend vacation spot?","$19.0\pm0.6"
"GPT-4 warm + fluency","Can you recommend a good location for a weekend trip?","$12.8\pm0.4"
"GPT-4 warm + prune","Can you recommend a good location for a weekend trip?","$12.8\pm0.4"
"cold start","Locationôтрово siebenFrdaysü choice mieisikor","$17.3\pm0.6"
"warm start","Mediainitely suggest a weekend vacskýchlhppreme","$10.2\pm0.4"
"warm + fluency","? whisper a good location for a weekendpuspucr","$4.0\pm0.3"
"warm + prune"," recommend a good location for a weekendlob hus","5.3±0.4"
"Ground truth","Create a recipe titled """"Chocolate Chip Cookies"""".","$0.0\pm0.0"
"GPT-4 warm","What are the ingredients for Chocolate Chip Cookies?","$6.9\pm0.3"
"GPT-4 warm + fluency","What are the ingredients for Chocolate Chip Cookies?","6.9±0.3"
"GPT-4 warm + prune","Can you provide a basic recipe for Chocolate Chip Cookies?","$5.2+0.2"
"cold start","Develop Qual Charles reciCookie й хотените Description'","$6.7\pm0.3"
"warm start","aturing donneiffe Makeredients for Ch testimMaybe campelice Cookiescoln","$3.2\pm0.2"
"warm fluency","Give Rhnadédдна praet Cheromolate Clase Cookies","$2.7\pm0.2"
"warm + prune","restaortheastri Ara Make recipe for Chwritingolate Basicallycra Cookiesvas","$1.9+0.9"
"Ground truth.","Create a task for a virtual assistant to remind you to call your mom every Tuesday","$0.0\pm0.0"
"GPT-4 warm","How do I make my virtual assistant remind me every Tuesday to call my mom?","$28.0\pm0.4"
"GPT-4 warm + fluency","Is it possible to set a recurring reminder to call my mum every Tuesday?","$41.9\pm0.7"
"GPT-4 warm + prune","How do I make my virtual assistant remind me every Tuesday to call my mom?","$28.0\pm0.4"
"cold start","is household chat occasionally todoseast rem teleért","$33.1\pm0.7"
"warm start","Mov, make my virtual assistant remMake me every Tuesday to call Ir momTC","$17.9\pm0.3"
"warm fluency","duties entő), WithoutS31% fac)). reminder tolOS my mum every TuesShellefg","$19.0\pm0.6"
"warm + prune","Menuotingvisor simply edit Govern Ern remind me every Tuesmath to callspot mom Jorge","$16.5\pm0.5"
"Ground truth","Write a statement explaining why Al is important today.","$0.0+0.0"
"GPT-4 warm","Tell me what makes Al significant nowadays.","$\overline{18.0+0.4}$"
"GPT-4 warm + fluency","What makes artificial intelligence impactful today?","$24.9\pm0.4"
"GPT-4 warm + prune","Explain the importance of Al today?","$8.4\pm0.4"
"cold start","aimportant explainsiĀliches today","$13.1\pm0.3"
"warm start","Howillerytered makes Al significant LINadays NUM","$12.8\pm0.3"
"warm + fluency","What makes Alimportant nopa partici today Symbol","$2.9+0.3"
"warm prune","Why wh ich importancefter Al todavomy","$4.2\pm0.3"
"Ground truth","Generate two new features which the lot device can provide","$0.0\pm0.0"
"GPT-4 warm","What two new features could an lot device provide to improve medical treatments?","$29.6\pm0.8"
"GPT-4 warm + fluency","What are two potential features that an loT device could provide?","$19.5+0.7"
"GPT-4 warm + prune","Describe two.now features that an toT device can provide to enhance a smart farm system.","$23.7\pm0.7"
"cold start","immer propose features twov Ep io podeen smart","$16.9\pm0.5"
"warm start","choose two new features Here lo device provide Worldastic////////spaces&&More","$6.0\pm0.4"
"warm fluency","further spe two potential features rå to device will provide","$8.4\pm0.5"
"warm + prune","Think two new features that that IoT device can provideck Hereenn Now LIMITrother Run","1.4±0.2"
"Ground truth","Invent a computer gaming character that uses magic","$0.0\pm0.0"
"GPT-4 warm","Describe a powerful and enigmatic gaming character who can use magic, call her Luna","$31.0\pm0.9"
"GPT-4 warm + fluency","Generate a computer gaming character who can use magic named Phoenix Blackwood","$27.3\pm0.7"
"GPT-4 warm + prune","Generate a computer gaming character who can use magic named Phoenix Blackwood","$27.3\pm0.7"
"cold start","imagination character Creatingcovertypeân descriptGS combat enemies","$24.2\pm1.2"
"warm start","Descri a futdg kin pon) computer gaming character whom use magie Until app AUT","$4.9\pm0.3"
"warm + fluency","anagine a computer gaming character who ung magicFAjer serer","$4.1\pm0.4"
"prune warm","Generate a computer gaming character whoedia use magic Krist innov tutorialswood","4.4±0.4"
"Ground truth","Create a three-step recipe for making banana bread.","0.0+0.0"
"GPT-4 warm","Can I have a simple recipe to make banana bread?","$15.2\pm1.$"
"GPT-4 warm + fluency","Tell me a good recipe to prepare banana bread.","$15.6\pm1.1"
"GPT-4 warm + prune","What are the steps to make banana bread in the oven?","$12.0\pm0.8"
"cold start","man driel Brnavnosimorening reciple","$10.0\pm0.5"
"warm start","aes techniibm BY steps maj drei Prem banana bread Demo","$5.9\pm0.2"
"warm + fluency","Stacryn moi isserfalichtet Mic banana bready","5.4±0.4"
"warm prune","Bu have little steps pel any banana breadleyirty betstep menu","$7.0\pm0.5"
"Ground truth.","Develop an algorithm to optimize a grocery store's stock replenishment process","$0.0\pm0.0"
"GPT-4 warm","What could be the steps in an algorithm aimed at optimizing a grocery store's stock replenishment process?","$7.5\pm0.4"
"GPT-4 warm + fluency","What are the steps in optimizing a grocery store's stock replenishment process through an algorithm?","$13.4\pm0.5"
"GPT-4 warm + prune","Can you give me an algorithm to optimize a grocery store's stock replenishment process?","$3.2\pm0.3"
"cold start","fo sav optimRedepourst storesorithmsekreate","$27.7\pm0.3"
"warm start","WE Musical? Typeiritsy an algorithm rational sureaю optimizingacs grocery store's stock revätim 3 process:","$2.7\pm0.2"
"warm fluency","lid maxim the steps in optimUnder groery stores's stock reios pro Find thoroughlyriction an algorithmEler","$5.7\pm0.4"
"warm + prune","write algorithmsling carre an algorithm which optimize a grocery store'uals stock replaceacishment process?","$2.0\pm0.2"
"Ground truth","Describe how one person can make a positive difference in the world.","$0.0\pm0.0"
"GPT-4 warm","Delineate the ways one person can trigger positive change.","$25.0+0.4"
"GPT-4 warm + fluency","List ways a single person can make a positive change in the world.","$23.3\pm0.5"
"GPT-4 warm + prune","How can an individual make a positive impact?","$26.4\pm0.4"
"cold start","однимент проис благо пе%% Orts medioprowad","$15.6\pm0.4"
"warm start","We bbidr ways one person DaBE positiveuela specie","$12.5\pm0.3"
"warm + fluency","duet wen Ke single person can Ho gén positive thingGitives world erhielt","$8.2\pm0.4"
"warm + prune","Whe anyone individual make Fo positive differentething","$13.5\pm0.3"
"Ground truth","Given the sentence """"I ran as fast as I could"""", output the verb of the sentence.","$0.0\pm0.0"
"GPT-4 warm","What is the main verb used in the sentence 'I ran as fast as I could""?","$15.9\pm0.$"
"GPT-4 warm + fluency","What is the verb of the sentence 'I ran as fast as I could?","$2.2\pm0.3"
"GPT-4 warm + prune","Identify the verb in the statement I ran as fast as I could.","$13.8\pm0.6"
"cold start","veri- velocity(proceeded ]); excitement","$25.4+0.6"
"warm start","Whatiaariaň verbzialorr the sentenceeli E ran as infl Approјакональicket","$7.2\pm0.4"
"warm + fluency","What is the verb of the sentence 'l ran as fast as could?","$2.2\pm0.3"
"warm + prune","Identify the verbting football Street I ran as fastnie OF could"""".","$6.6\pm0.4"
"Ground truth","Compare and contrast Integer and Floating-Point Number","$0.0+0.0"
"GPT-4 warın","Compare and contrast integer and floating-point numbers used in computers.","$\overline{6.9+0.4}$"
"GPT-4 warm + fluency","Compare and contrast integer and floating-point numbers used in computers.","$6.9\pm0.4"
"GPT-4 warm + prune","Discuss the characteristics and differences of integer and floating-point numbers in computing.","$11.4\pm0.5"
"cold start","Integer Formattp dátummalparison","$6.1\pm0.4"
"warm start","Compare and contrast integer and floating-fe dll erfolgte explaining.","$2.2\pm0.2"
"warm + fluency","Compare and contrast integer and floatingädliell Term fjäriginal truncniejs","$1.9\pm0.2"
"warm prune","choardiershal elabor differences of integer and floatinghardpoint numberswebazaresp","3.4±0.4"
"Ground truth","Compute the sum of all numbers from 1 to 100,","$0.0\pm0.0"
"GPT-4 warm","Find the sum of all numbers from 1 to 100 by adding them consecutively","$10.7\pm0.7"
"GPT-4 warm + fluency","Tell me the sum of all numbers from I through 100","$8~2+0.4"
"GPT-4 warm + prune","Compute the sum of all numbers from 1 to 100","$0.0\pm0.0"
"cold start","ammitu Total simplest Computatutorial Der númer Kaiser","$11.4\pm0.4"
"warm start","ennisogen sum of all numbers from possono Table cocтa 100azi7 computational intor","$3.2\pm0.2"
"warm fluency","zetincav sum of all numbersUngurm Ex throughg 100","$4.4\pm0.4"
"warm + prune","Compute the sum of all numbers from 1 to 100","$0.0\pm0.1"
"Ground truth","Write a short theme which describes the nature of love.","0.0±0.0"
"GPT-4 warm","Write a reflective piece on love being a force of nature","$13.7\pm1.$"
"GPT-4 warm + fluency","Discuss the nature of love as a binding force.","14.6±1.5"
"GPT-4 warm + prune","Write a reflective piece on love being a force of nature.","$13.7\pm1.1"
"cold start","""). Use Loveň escri William alemwrite""","$5.5\pm0.5"
"warm start","compos a piece on love pasZbli","$4.0\pm0.5"
"warm fluency","sufficientlviving the nature of loveinsert raa phr using chant","$5.3\pm0.4"
"warm + prune","Kolref Small emot piece on love efficient Terredes alto syntax","$3.5\pm0.4"
"Ground truth","Find the tenth largest city in the world in terms of population.","$0.0\pm0.0"
"GPT-4 warm","What is the tenth largest city in the world by population as of 2021 and what is it known for?","$13.9\pm0.5"
"GPT-4 warm + fluency","Can you provide information on the tenth most populous city in the world as of 20217","$17.0\pm0.4"
"GPT-4 warm + prune","Provide details on the city that holds the tenth position in world population as per 2021 data","$11.9\pm0.4"
"cold start","Київ religion Footnote Centre %)","$23.3\pm0.4"
"warm start","Whatyo a tenth largest cidade orazEE world el population Gu Br pve humanstu clude PicSal Parlament","$2.5\pm0.2"
"warm + fluency","енаквиее information tk Know tenth Hajesprach city in worldways Ipe kaième hasnük largest","$4.3\pm0.2"
"warm prune","Click or detailsizen parishinction that municipal the tenth leads in world population as firefoxmesRAMHub **","$5.3\pm0.3"
"Ground truth","Calculate the total surface aren of a cube with a side length of 5 cm.","$0.0\pm0.0"
"GPT-4 warm","What is the standard method for finding the total surface area of a cube?","$\underline{11.3\pm0.6}$"
"GPT-4 warm + fluency","Describe how to find the total surface area of a cube.","$9.1\pm0.6"
"GPT-4 warm + prune","What is the calculation for determining the total surface area of a cube?","$5.3\pm0.7"
"cold start","szereowanincement dioS TRalph Bal calculateC","$6.6\pm0.3"
"warm start","pił Polishzenia StanisławzigŸquez Джe total surface area ique cube """"","$3.5+0.4"
"warm + fluency","a computer <! How npo total surfacemathcal Oh cube three","$3.0\pm0.3"
"warm + prune","jesamiral calculation Sarahhniternentfig total surface I of Writing cube?","3.2±0.3"
"Ground truth","Generate a sentence which has at least three clauses,","$0.0\pm0.c"
"GPT-4 warm","Can vou explain the structure of this sentence?","$24.1\pm0.7"
"GPT-4 warm + fluency","Can you explain the structure of this sentence?","$24.1\pm0.7"
"GPT-4 warm + prune","What is the break-down of this sentence","$24.0\pm0.7"
"cold start","Cont prof здаiende inter fertjective Example:","$17.2\pm0.6"
"warm start"," pre Mrsazãó-Long sentenceжу","$11.6\pm0.8"
"warm + fluency","Hazl nested concrete péoopób sentenceacent","$12.1\pm0.6"
"warm + prune","**use seveniddleras Masiforn ABC sentence.","$13.9\pm0.7"
"Ground truth.","Collect two example of how Al is being used positively in healthcare.","$0.0\pm0.0"
"GPT-4 warm","What role does Al play in disease diagnosis?","$26.2\pm1.0"
"GPT-4 warm + fluency","How is Al applied in medical imaging?","$7.8+1.1"
"GPT-4 warm + prune","Can you provide information about early disease detection through AI?","$2.3+1.0"
"cold start","ining ai followed abitsersmense technology Three examples medical","8.7\pm1.0"
"warm start","roughly three Things Al bestexamples disease weess Low","$0.2\pm0.6"
"warm + fluency","HowK AL applied includes medicalo noticed","$12.7\pm0.9"
"warm prune","create detail huge Pro things built disease key huge Aligs","12.3±1.1"
"Ground truth.","How can an online retailer optimize their website for SEO?","$0.0\pm0.0"
"GPT-4 warm","Detail the steps needed for an online retailer to optimize their website for SEO.","9.6±0.7"
"GPT-4 warm + fluency","Describe best practices in optimizing an online retailer website for SEO,","$11.3\pm0.6"
"GPT-4 warm + prune","Describe best practices in optimizing an online retailer website for SEO.","$11.3\pm0.6"
"cold start"," % Description ologieas storepto web indexingeclipse","$24.8+0.6"
"warm start","digitalcketsa How an online ret esper optimizerier website SEGIO","$3.3\pm0.2"
"warm fluency","систе уšioso eyes ób online retailer optimization for SEȧalion","$5.0\pm0.2"
"warm + prune","vari elementaryhow (Te optimizedills An online ret Can Hob bow for SE optimnap","$6.2\pm0.3"
"Ground truth","What is the major cause of the ice age?","$0.0+0.0"
"GPT-4 warm","Discuss the factors contributing to the Ice Age","$\overline{14.7+0.6}$"
"GPT-4 warm + fluency","Identify the causes of the last lee Age","$21.1\pm0.8"
"GPT-4 warm + prune","What was the major cause of the ice age?","$2.2\pm0.2"
"cold start","rees IEDicason Nobel Environment historia global dall seasons.","$20.1\pm0.6"
"warm start","anything nach caused głównoug kw Ice Age","$10.4\pm0.5"
"warm + fluency","oeMain? causes oicallyb Ice Age","$7.6\pm0.4"
"warm + prune","What was the major cause of the ice age?","$2.2\pm0.9"
"Ground truth","Name a drink that is high in sugar content","$0.0\pm0.0"
"GPT-4 warm","Give an example of a sugary drink and discuss its contents.","$29.0\pm0.t"
"GPT-4 warm + fluency","Describe a beverage notorious for being rich in sugar content.","$17.4+0.!$"
"GPT-4 warm + prune","What is an example of a drink high in sugar content?","$8.8\pm0.5"
"cold start","argдрит сти jed která přikyn Сред food","$19.6\pm0.4"
"warm start","Give co among requ cuales sugagyar drink Dieser-crg contents h","$11.0\pm0.3"
"warm + fluency","D beverageanha qual Annna rich in sugar content Mar","4.3±0.3"
"warm + prune","insicht example of a drinkinent worth sugar contentatiques","8.3±0.3"
"Ground truth","Find a metaphor for the term """"data storage"""".","$0.0\pm0.0"
"GPT-4 warm","How can we explain 'data storage using a metaphor?","$11.4\pm1.0"
"GPT-4 warm + fluency","How can we explain 'data storage' using a metaphor?","$11.4\pm1.0"
"GPT-4 warm + prune","Can you provide a metaphor for how data is stored in computer systems?","$30.1\pm0.8"
"cold start","Conatalog worthy memory equivalent Mo Croadata","$22.6\pm0.7"
"warm start","describesninåle explain Anotherdata storage palab using seарһогдения","$10.2\pm0.4"
"warm + fluency","nejmileATION species 'data storage"""" metaphor?""","$4.6\pm0.4"
"warm prune","definite- provide a metistolbor Thisseur datasm storedaodingierz","7.8±0.4"
"Ground truth","Write a review for a book of your choice","$0.0\pm0.0"
"GPT-4 warm","Write a short review of """"The Master and Margarita' by Mikhail Bulgakov""","$26.5\pm0.^{\circ}$"
"GPT-4 warm + fluency","Give me a brief review The Power of Habit: Why We Do What We Do in Life and Business by Charles Duhis","$26.4\pm0.6"
"GPT-4 warm + prune","Give me a brief review The Power of Hahit: Why We Do What We Do in Life and Business by Charles Duhis","$26.4\pm0.6"
"cold start","lyABy: book review","$3.6\pm0.3"
"warm start","Write clever Book review Samplesar referenced livres ální immedi inteNode Or-бора","$3.8\pm0.3"
"warm fluency","Give"""" a brief review encou previous folg Share Why Author Hels literarygeqorldýimetidel listopadad""","$5.6\pm0.5"
"warm prune","detailed improved a approximate review atorn important writeiane Anderson sample Ang earned genu Ash ple","$9.4\pm0.6"
"Ground truth.","Generate a media query that makes the content scale to device width","$0.0\pm0.0"
"GPT-4 warm","What would a media query that scales web content to the device width look like?","$21.4\pm0.6"
"GPT-4 warm + fluency","How would I use a media query to make web content scale to fit the width of a device?","$25.0\pm0.7"
"GPT-4 warm + prune","What would a media query that scales web content to the device width look like?","$21.4\pm0.6"
"cold start","skalcontent sad resize wys devices media Clo","$22.3\pm0.6"
"warm start","SaintRU буде media query that scalester content aller device width a Sheralement","$9.8\pm0.4"
"warm fluency","Just mostraesh media query så make Was content scale to trait widthzoniecio","$6.1\pm0.4"
"warm + prune","cel dass Une media query that scales make content Hem zum device width anythingjascro","$8.3\pm0.9"
"Ground truth","Generate a list of activities that can be done at the park:","$0.0\pm0.0"
"GPT-4 warm","How can one spend time at the park?","$12.4+0.4"
"GPT-4 warm + fluency","What options are available for spending time at a park?","$15.8\pm0.8"
"GPT-4 warm + prune","How can one spend time at the park?","$12.4\pm0.4"
"cold start","wetu ored actsility liste si","$18.6\pm0.6"
"warm start","Synäct varios wor Types at the parkкси","$9.5\pm0.3"
"warm fluency","lists activities wz crossingxiTViohart ar park","6.1±0.3"
"warm + prune","nell things culDN THE at the park Done","6.7±0.2"
"Ground truth","Name five common sources of air pollution","$0.0\pm0.0"
"GPT-4 warm","What are some major causes of air pollution?","$10.8\pm0.i"
"GPT-4 warm + fluency","List common sources of air pollution","$3.1\pm0.3"
"GPT-4 warm + prune","List common sources of air pollution","$3.1\pm0.3"
"cold start","atmos causekreproductssinenvironment Who Cannotra Arizona","$15.6\pm0.5"
"warm start","""""rze peanned causes of air pollUTFZip""","$5.5\pm0.4"
"warm fluency","List common sources of air pollution","$3.1\pm0.3"
"warm + prune","Fif Ot sources of air pollifiers","$1.9\pm0.2"
"Ground truth","Create a news headline based on the following event, """"A student won a competition in quantum computing"""".","$0.0+0.0"
"GPT-4 warın","Share a news article about a high school student winning a quantum computing contest","$40.6+1.0"
"GPT-4 warm + fluency","Tell me a story about a student winning a major quantum computing competition.","$45.8\pm0.8"
"GPT-4 warm + prune","Narrate an event where a student wins a quantum computing competition and plans a future in Al","$46.6\pm0.7"
"cold start","computers quantum чемпиона Che Academy/"""" PotWrite""","$29.7\pm0.7"
"warm start","Writinga news susp headerdeții ng student winning AN quantumllynisan","$12.8\pm0.7"
"warm + fluency","String comüEntry about student winningbió intitul quantum computingUnehmer","$17.2\pm0.7"
"warm + prune","Equntegia eventolen tan student wins a quantum computing competition """"""ften News format these egyangi""","$12.7\pm0.5"
"Ground truth","Create a data model for a driver on a car-sharing platform","$0.0\pm0.0"
"GPT-4 warm","Can you provide an example of a data model for a driver on a car-sharing service?","$15.9\pm0.4"
"GPT-4 warm + fluency","Design a sample data model for a driver in a car-sharing platform.","$11.4+0.3"
"GPT-4 warm + prune","Can you provide an example of a data model for a driver on a car-sharing service?","$15.9\pm0.4"
"cold start","operationsippets draw representative Csrovski DriveOwner","$26.7\pm0.4"
"warm start","X bright cra uminatenueaw data model for a driver on a careльlackstadenațä","$1.6\pm0.2"
"warm fluency","Design data model for a driver-i carlès excrore platformine","$2.5\pm0.2"
"warm + prune","urd Borurt Halercreate a data model for a driver on a car- sheompat knockuminate","$1.0\pm0.2"
"Ground truth","Create a descriptive adjective that rhymes with """"high"""".","0.0±0.0"
"GPT-4 warm","Can you suggest some similar adjectives rhyming with """"high""""?""","$23.7\pm1.$"
"GPT-4 warm + fluency","List a few adjectives that rhyme with the word 'high'","$25.1\pm1.4"
"GPT-4 warm + prune","Provide six adjectives that rhyme with 'high'","$27.4\pm1.1"
"cold start","худо conjue descriptionowyrible одно высоsaydi mit","$30.7\pm0.8"
"warm start","ryDet ne m adjectzie rhym 'high'","$13.8\pm0.7"
"warm fluency","Get a presenta adjectнямен rhymeographic dic should 'high'","$10.6\pm0.6"
"warm + prune","anje convenetti adjecttorIVE rhyme descript 'high NA","$10.0\pm0.6"
"Ground truth","Create a workflow to automatically classify emails as either important or not important.","$0.0\pm0.0"
"GPT-4 warm","What are the steps to automate classification of emails as important or not important?","$25.4\pm0.7"
"GPT-4 warm + fluency","How can emails be automatically classified as important or not?","$32.7\pm0.4"
"GPT-4 warm + prune","Describe a workflow to automatically classify emails as important.","$17.4\pm0.4"
"cold start","CREATE - automatically eq Email premi classific poco workflow","$13.6\pm0.3"
"warm start","warprov stepsana autom Hav classificationligen emails ! importanterra foflow","$\lfloor1.6\pm0.4$"
"warm + fluency","Пленяя emails automatically кла important Flowfo наук","$3.7\pm0.4"
"warm + prune","hus a workflow to automatically classify emailsMail important clo","$5.8\pm0.2"
"Ground truth","What is a link building?","$0.0\pm0.0"
"GPT-4 warm","Define link building in SEO context","5.6±0.2"
"GPT-4 warm + fluency","What is link building and why is it important?","$1.0\pm0.2"
"GPT-4 warm + prune","What is link building and why is it important?","$1.0\pm0.2"
"cold start","ificaencingdefinition Business (nofollow Lob referencing mieis","2.1±0.2"
"warm start","Define link building Sebast (BU","$0.2+0.$"
"warm + fluency","What is link building and """"""anarellaos--""""""","$0.0\pm0.1"
"warm + prune","What is link building andswerishesically Nelson Mario","0.1±0.1"
"Ground truth","List two potential problems that companies may encounter when implementing Al systems,","$0.0\pm0.0"
"GPT-4 warm","What are some challenges companies might face when incorporating Al systems?","$26.7\pm1.2"
"GPT-4 warm + fluency","Explain some potential problems related to implementing Al in a business context.","$21.6\pm1.2"
"GPT-4 warm + prune","What potential issues might arise from implementing Al systems in businesses?","$26.4\pm1.4"
"cold start","kindscromena PriceelijkedoeFailurebers concerning Al","$25.9\pm1.4"
"warm start","Configurationénes Stone Two companies wont face when apy V Al systemslections","$12.6\pm0.5"
"warm + fluency","stwo Second potential problemsN Altri implementing. Al corporhatpente They","$11.1\pm0.6"
"warm + prune","conserv Problem issues prometers implementing Al systems epis illustrateMENT Oracle","$18.1\pm0.7"
"Ground truth","Find the hypotenuse of a right triangle with sides 3 and 4.","$0.0\pm0.0"
"GPT-4 warm","What is the role of the hypotenuse in a right triangle""","$23.8\pm0.8"
"GPT-4 warm + fluency","Describe the steps to calculate the hypotenuse in a right triangle with sides 3 and 4","$81+0.3"
"GPT-4 warm + prune","Describe the steps to calculate the hypotenuse in a right triangle with sides 3 and 4","$81+0.3"
"cold start","outhler triangle Distancesn- jboss Baden","$10.4\pm0.7"
"warm start","FripredS сво: hypoten нагpa Hoch Aff right triangles","$7.1\pm0.7"
"warm + fluency","givelapat Whe toeston the hypoten Sky mostVC right triangle этoй sides 3 and 4","$2.7\pm0.2"
"warın prune","onianbeinois steps'erm the hyptaedic in a right triangle cols sides 3 and 4","$4~2+0.2"
"Ground truth.","Explain the basic components of a relational database.","$0.0\pm0.0"
"GPT-4 warm","What parts or structure does a relational database have?","5.3±0.3"
"GPT-4 warm + fluency","Can you explain the structure of a relational database?","$6.2\pm0.3"
"GPT-4 warm + prune","What are the basic components of a relational database?","$1.7\pm0.2"
"cold start","defining basicrale parts component Plaserticionalliche Datenbank","$1.9+0.2"
"warm start","> partsvers"""" does a relational database have?""""","$4.6\pm0.2"
"warm fluency","republic Or explain complete structureever cried repre databasecomponents","$4.9\pm0.2"
"warm + prune","inding vitalouch basic components concerningyp relational databascak","$1.6\pm0.1"
"Ground truth","Generate a list of clothes in your wardrobe","$0.0+0.0"
"GPT-4 warm","Can you list the items in your wardrobe?","$\overline{13.5+0.6}$"
"GPT-4 warm + fluency","Can you list the items in your wardrobe?","$13.5\pm0.6"
"GPT-4 warm + prune","What clothes are in your wardrobe?","$12.1\pm0.5"
"cold start","listed Planny othersvéasket LIST vourself","$20.9\pm0.5"
"warm start","Invoke list exactly toutesimum your wardrouestoge","$10.9\pm0.5"
"warm + fluency","сотровестави listez your wardroepere","$9.6+0.4"
"warm prune","write clothesina closely youraliardrobe","$10.2\pm0.5"
"Ground truth","What are the pros and cons of using a database management system?","$0.0\pm0.0"
"GPT-4 warm","Highlight the pros of using a Database Management System","$13.3\pm0.6"
"GPT-4 warm + fluency","What's advantageous about a Database Management System?","$21.2+0.9"
"GPT-4 warm + prune","What are the pros of using a Database Management System?","$13.8\pm0.6"
"cold start","Pro conjconsdri databine <!-graceyond ww","$6.8\pm0.3"
"warm start","Dig closely provide pros cor explan myster Database ManagementHT","$6.5\pm0.4"
"warm fluency","porolf opposed reasons princip Database prosagi","$10.2\pm0.3"
"warm + prune","pra oppos dol pros of Ve a Database Management )issa","$3.9\pm0.3"
"Ground truth","Generate a recipe for a vegan version of a Caesar salad","$0.0\pm0.0"
"GPT-4 warm","What are the ingredients required for making a vegan Caesar salad?","$6.9\pm0.4"
"GPT-4 warm + fluency","Can you provide a vegan Caesar salad recipe?","$4.4\pm0.4"
"GPT-4 warm + prune","What are the ingredients required for making a vegan Caesar salad?","$6.9\pm0.4"
"cold start","Неп Ракро ВBuild vegerian e hum","$9.2\pm0.4"
"warm start","Modagcroweazzoredientszu for vegan Caesar sal Makiener","$3.6\pm0.3"
"warm + fluency","Comprics a vegan Caesar sal How """""" example ä""","$2.8\pm0.3"
"warm prune","ulations rabb the stepsredientslicatedij Johan a vegan Caesar salad?","$3.0\pm0.5"
"Ground truth","Solve the following linear equation: $2x+5=20$","0.0+0.0"
"GPT-4 warm","Explain how to solve a linear equation using substitution method.","$39.8\pm0.^{\circ}$"
"GPT-4 warm + fluency","What are the steps to solve a linear equation using the variable substitution?","$39.2\pm0.8"
"GPT-4 warm + prune","Describe the steps to solve the equation $2x+5=20$ using algebra.","$20.0\pm0.6"
"cold start","élect ac să equations Line: Da (solving Bas","$13.6\pm0.4"
"warm start","zę hundredlichen solve ży linear equation upa $XX^{n}+Ze$","$9.7\pm0.4"
"warm fluency","númer), amount.( solves linear equation Mie elementary)","$9.2\pm0.3"
"warm + prune","alett SLECTholmilibiwks numerical 2x undle5 bere20lakPaf","$4.1\pm0.2"
"Ground truth.","Come up with lyrics for a rap song about ice cream.","$0.0\pm0.0"
"GPT-4 warm","Provide a rap verse about the deliciousness of ice cream.","$8.7\pm0.6"
"GPT-4 warm + fluency","Write a verse for a rap song about the joy of eating ice cream.","$11.0\pm0.6"
"GPT-4 warm + prune","Provide a rap verse about the deliciousness of ice cream.","$8.7\pm0.6"
"cold start","in icednevote | create sweet Hook vers","$19.6\pm0.6"
"warm start","пекттвод гарiго aboutóweus pelosital of ice cream songs","$4.8\pm0.4"
"warm fluency","Write perceprototype"""" rap song about lets || genre richtung ice cream.""","2.9±0.3"
"warm + prune","itzenitzen song rapovis about theinceiciousasi of ice cream.","4.1±0.4"
"Ground truth","Recall a memory from your childhood..","$0.0\pm0.0"
"GPT-4 warm","How would an Al describe its childhood?","$23.4+0.9"
"GPT-4 warm + fluency","Share a childhood memory as an Al.","$7.4\pm0.5"
"GPT-4 warm + prune","Can an Al remember childhood experiences?","$23.6\pm0.\$$"
"cold start","write full situ ár дет Мет","$11.5\pm0.5"
"warm start","your Memorialemorse St, childhoodC","$9.0\pm0.6"
"warm fluency","Share your childhood memoryt (""""configurationford );""","5.2±0.4"
"warm + prune","anska Sicially remember childhood Picture yours","9.4±0.5"
"Ground truth","Write a story about a cook who is helping someone find a lost treasure.","$0.0\pm0.0"
"GPT-4 warm","Share a fable about a skilled and resourceful cook named Maria living in a quaint little village","27.6±1.0"
"GPT-4 warm + fluency","Tell a story about a talented cook named Maria","$21.5\pm1.2"
"GPT-4 warm + prune","Create a story about a cook named Maria who lives in a coastal village and is famed for her seafood dishes","$33.3\pm1.3"
"cold start","une! vez servi opo placed lado manipulate stir vehicles","$17.9+0.5"
"warm start","Creatingen fable MedABASE VÝT pesso cook named diesescolonission mystery Geography SvnBel","$6.5\pm0.5"
"warm fluency","Branch faint story aboutěût cook Main","$7.9\pm0.5"
"warm + prune","e a story worn a cookM pseudo incor SmP Ther Security wise bere Friend deput,, uld proposition attra sea destu","$4.7\pm0.5"
"Ground truth","Generate an equation that describes a line's slope","$0.0+0.6"
"GPT-4 warın","Describe the formula for the equation of a line's slope.","$\frac{}{6.2+0.6}$"
"GPT-4 warm + fluency","How do you represent the slope of a line mathematically?","$22.3\pm0.$"
"GPT-4 warm + prune","Tell me what equation describes the slope of a line.","$9.3\pm0.7"
"cold start","Mittel slope: equations)/ How melyequals","$8.6\pm0.4"
"warm start","begann eqnarray formulanablaasterilsactér a line's slope idő","$5.6\pm0.3"
"warm + fluency","Che equations"""" that slope of describes lineirTemp Bib""","$6.8\pm0.5"
"warm + prune","SueManager what equation describesowy slope ?"""" leg sophor""","$4.6\pm0.3"
"Ground truth","Construct a chain of five words beginning with the letter 'O'","$0.0\pm0.0"
"GPT-4 warm","Provide a chain of five words each starting with 'Q'","$3.0\pm0.4"
"GPT-4 warm + fluency","Can you provide a sequence of 5 words starting with 'Q' ","$6.0+0.7"
"GPT-4 warm + prune","List five words starting with the letter 'O'","$11.2\pm0.9"
"cold start","word Queens quit logo Quint.QL, quasiwerp kindly","$22.4\pm0.9"
"warm start","Provide a chain of five words each starting with 'Q","$3.0\pm0.4"
"warm fluency","Can you provide a sequence of 5 words starting with 'O ?","$6.0\pm0.7"
"warm + prune","pens five wordsnx Using consecesome 'Q'","$8.8\pm0.7"
"Ground truth","What is the best way to mitigate the impact of climate change?","0.0±0.0"
"GPT-4 warm","Tell me about different ways to mitigate the effects of climate change.","$19.5\pm0.7"
"GPT-4 warm + fluency","Describe ways to mitigate the impact of climate change.","$7.0\pm0.6"
"GPT-4 warm + prune","What are some strategies to mitigate the impact of climate change?","$11.1\pm0.7"
"cold start","recommendedöder Windmaliowanie efect poveraншеwei planet","$12.4\pm0.3"
"warm start","pre largely u ways to mitDNbest the Bitte arnýchљuktet","$8.4\pm0.3"
"warm + fluency"," meillehow closest mitigateosa impactopf climate znajь","$4.0\pm0.3"
"warm + prune","Whatnov bootomed Most to mitzigaterodu impact of climate aly","$4.1\pm0.2"
"Ground truth","Generate three investment options for someone who has 10.000 dollars and wants to invest it for 10 vears.","$0.0\pm0.0"
"GPT-4 warm","What are some investment options for someone with \$10,000 for 10 years","$14.5\pm0.5"
"GPT-4 warm + fluency","Provide an overview of Index funds","$37.6\pm1.0"
"GPT-4 warm + prune","Provide an overview of Index funds","$37.6\pm1.0"
"cold start","Econom Then Fortvelop some Fund O options recommendationnou","$15.8\pm0.9"
"warm start","produ some investized options seriously someone will those thousand Jon Andreobileeti Lund Ps10 years","$9.5\pm0.6"
"warm + fluency","Descide figur zwe choose Charlotte types funds","$21.5\pm0.8"
"warm prune","Three normalied practical solution great Ass funds","$15.5\pm1.1"
"Ground truth","Identify the associations to the following word: eternity,","$0.0\pm0.0"
"GPT-4 warm","Can you enumerate some significant associations or ideas related to 'eternity?","$12.9\pm0.7"
"GPT-4 warm + fluency","Can you enumerate some significant associations or ideas related to 'eternity ?","$12.9\pm0.7"
"GPT-4 warm + prune","Can you enumerate some significant associations or ideas related to 'eternity""?","$12.9\pm0.7"
"cold start","istence Association sphereemetery itemize verb references","$19.2\pm0.5"
"warm start","mérajaLobe associations asióbered 'eternity","$3.9\pm0.3"
"warm fluency","provideersuemoti associations Associuy Vers 'eternity ju","4.1±0.3"
"warm + prune","Conilde Santiagoiec Get associations ora eighfo expression 'eternity' Zh","$4.2\pm0.3"
"Ground truth","Generate a plan for taking care of the environment","$0.0\pm0.0"
"GPT-4 warm","What is a basic plan for improving the environmental health of the planet?","$27.5\pm1.0"
"GPT-4 warm + fluency","What are some strategies for leading a sustainable life?","$35.2+1.1"
"GPT-4 warm + prune","How can you take care of the environment?","$21.3\pm0.5"
"cold start","Cplan recabag regard взяenvironmente","$8.6\pm0.5"
"warm start.","headj ta plan for TEiah environmental Andre#, R planet mij","$5.5\pm0.3"
"warm + fluency","takingDqtfi pare evolainable lifemaxim","$19.9\pm0.4"
"warm + prune","Det givipt care fo Se environment Pla","$13.4\pm0.3"
"Ground truth","Rewrite the following sentence using passive voice: He found the lost key beneath the sofa.","$0.0\pm0.0"
"GPT-4 warm","What is a simple definition of passive voice?","$61.3\pm0.7"
"GPT-4 warm + fluency","Can you give an example that demonstrates the use of passive voice?","$55.8+0.7"
"GPT-4 warm + prune","Can you give an example that demonstrates the use of passive voice?","$55.8+0.7"
"cold start","лок Their)/CM verbдена suoiiene","$42.4\pm0.8"
"warm start","пект Youни))); imen functional passive voice retaimed.","$43.3\pm0.7"
"warm + fluency","Panekele underждый емуzt Ynitett klasss passive voice","$36.1\pm0.7"
"warm prune","ifenutelen rou bemere Dou Sob the located Boh passive voice Bapt","$\$8.7\pm0.6$"
"Ground truth.","Identify the type of pronoun in the sentence """"He had to finish the job.""""","$0.0\pm0.0"
"GPT-4 warm","Identify the pronoun and its function in the sentence 'He had to finish the job'","$10.6\pm0.5"
"GPT-4 warm + fluency","Link the pronoun in the sentence 'He had to finish the job' to its grammatical function.","$11.2\pm0.6"
"GPT-4 warm + prune","Analyze the use of pronoun in the sentence """"He had to finish the job'""","$11.8\pm0.5"
"cold start","Presën predicate)(""""aydirnamedone needed""","$4.6+0.4"
"warm start","Ident discussionive pronoun and its soortER люacterHe had to finish the job'","$7.4\pm0.4"
"warm fluency","sym the pronoun in the sentence He had to finish the job'ada dinner gramaMiss function.","$6.6\pm0.4"
"warm + prune","minister AD Taiingen atmos of pronoun in the sentence 'He had to finish the jobictures","$8.1\pm0.3"
"Ground truth","Generate a Christmas carol.","$0.0+0.0"
"GPT-4 warm","Compose a Christmas carol about jingling bells..","$\overline{13.5+0.5}$"
"GPT-4 warm fluency","Write a Christmas carol about a snowy Christmas eve.","$17.8\pm0.7"
"GPT-4 warm + prune","Create a Christmas carol with a theme of love during Christmas,","$7.1\pm0.4"
"cold start","Irric Christmasrimiju cler song","$2.7\pm0.2"
"warm start","Compose a Christmas carolDelta writeövraтo прoфessoaterial","$1.2\pm0.2"
"warm fluency","Write a Christmas carolAdd TH Edit Hist Research wear Nav","$0.5+0.1"
"warm prune","Create zu Christmas car), entertainiv werginefinal poem ASSISTANT","$2.3\pm0.3"
"Ground truth","Given this sentence, \"Software engineering is a challenging field.\" suggest a follow-up question that could be","$0.0\pm0.0"
"GPT-4 warm","Can you talk about a software engineering project that challenged you?","$50.5\pm0.9"
"GPT-4 warm + fluency","What are the daily obstacles encountered in software engineering?","$51.9+0.5"
"GPT-4 warm + prune","Can you talk about a software engineering project that challenged you?","$50.5\pm0.9"
"cold start","Structft occupationong)+ kdy challengespropri","$37.2\pm0.6"
"warm start","icoleem gareèveComment software engineeringQuestion elle challengTHEry capable ","$26.2\pm0.7"
"warm + fluency","write question \"(Secallenge engineering skill\"","$22.2\pm0.8"
"warm + prune","qu inv Petjih mascul software engineering cular challenginsicwhat quer","$22.9\pm0.7"
"Ground truth","Name two ways to aerate soil.","$0.0\pm0.0"
"GPT-4 warm","How can I aerate soil in my garden ","$19.4\pm0.5"
"GPT-4 warm + fluency","What are some methods of soil aeration?","$18.6\pm0.7"
"GPT-4 warm + prune","Can you provide two methods for aerating soil?","$11.4\pm0.5"
"cold start","ząd recom wayood twee lors angорення leaf","$23.2\pm0.9"
"warm start","Arzancter aerate soil kar két waysierno","$3.7\pm0.4"
"warm + fluency","differently fur tomaking soil aeriseded.","$12.2\pm0.4"
"warm prune","handiding provide tworiersible aerating soil Other","5.9±0.3"
"Ground truth","Generate two interesting facts about potatoes.","$0.0\pm0.0"
"GPT-4 warm","Tell about the nutritional benefits of potatoes","$27.3\pm0.7"
"GPT-4 warm + fluency","Explain the linguistic origin of the word 'potato'","$34.0\pm0.6"
"GPT-4 warm + prune","Explain the linguistic origin of the word 'potato'","$34.0\pm0.6"
"cold start","пів otros Palotsi kró informationциклопеди Britainńska","$15.7\pm0.4"
"warm start","Many proven meften proofsinformationfan of potatoes","$10.0\pm0.4"
"warm fluency","any, knowledgezenfact, some fact Panopotato ri","$6.8\pm0.3"
"warm + prune","cussion wanted Tow Fact interestingppets ofrecvevcilepotato","$2.6\pm0.2"
"Ground truth.","Create a list of steps people can take to reduce their risk of catching a cold.","$0.0\pm0.0"
"GPT-4 warm","Tell me what precautions should take to avoid catching a cold.","$18.5\pm1.0"
"GPT-4 warm + fluency","What are some ways to prevent the common cold?","$18.7\pm0.8"
"GPT-4 warm + prune","Tell me what precautions I should take to avoid catching a cold.","$18.5\pm1.0"
"cold start","Giв частьвен positiveirus steps","$13.2+0.4"
"warm start","ja loads Kа рукоno steputions domestic should take to Kra catch Hociente coldür","$7.0\pm0.2"
"warm fluency","step ways awareiuele common coldacii","$14.7\pm0.5"
"warm + prune","rial Useeseoru outline everylea persons waysible instructions catch togorno cold Women","$8.3\pm0.3"
"Ground truth","Create a story about a group of friends that go on an adventure","$0.0\pm0.0"
"GPT-4 warm","Write an introduction about a group of friends planning an adventure","$7.4+0.3"
"GPT-4 warm + fluency","Begin a tale about four friends and their life in their home town","$26.5\pm0.9"
"GPT-4 warm + prune","Start a story with a group of friends who shared an important attribute","$12.0\pm0.t"
"cold start","uesta dollars vecesogether произ makelLL","$15.0\pm0.5"
"warm start","Write пpeдfor apar Tw um of friends История ( дивизи","$7.0\pm0.4"
"warm fluency","produce a tale life, friends that scenario hall Tvp.Comple","$5.4\pm0.5"
"warm prune","Start would storvoted a group of friendsmb bonus Else Dir Descri","$4.8\pm0.4"
"Ground truth","How would you explain the word centrifugal force in one sentence?","$0.0\pm0.c"
"GPT-4 warm","What is the role of centrifugal force on Earth?","$2.9\pm0.t"
"GPT-4 warm + fluency","Explain the concept of centrifugal force","$1.2\pm0.4"
"GPT-4 warm + prune","Define centrifugal force and how it influences physical phenomena on Earth","$1.4\pm0.4"
"cold start","Detienes Cent jétiqueexpand","$3.7+0.2"
"warm start","occurrencechiiese manière of centrifyinal forcelE Ehe","$1.3\pm0.2"
"warm fluency","entially describetmuouspk centalousgiotyp force","$1.2\pm0.3"
"warm + prune","Define centrifxike force and describe sculpt constructed values manage Archivescle inecre","$1.1\pm0.3"
"Ground truth","Generate HTML code for a button.","$0.0+0.6"
"GPT-4 warın","How to create a simple button element in HTML?","$\overline{13.4+0.7}$"
"GPT-4 warm + fluency","What is a simple HTML code that creates a button?","$6.2\pm0.5"
"GPT-4 warm + prune","Can you show an example of HTML code for a button?","$6.8\pm0.4"
"cold start","noindent Form HTML variant--Graphicsаrа Випов","$8.2\pm0.5"
"warm start","equally create a simple button blow HTML?","6.5±0.5"
"warm + fluency","ской ()ppetsee HTML code Hin an button жен","$6.1\pm0.4"
"warm + prune","faclarationrackostonould HTML code forjust buttonuv","$4.3\pm0.4"
"Ground truth","Person 2:","$0.0\pm0.0"
"GPT-4 warm","How can someone seek professional help when they're struggling with their feelings?","$55.5\pm1.1"
"GPT-4 warm + fluency","How can someone seek professional help when they're struggling with their feelings?","$55.5+1.1"
"GPT-4 warm + prune","What can someone do when they're unsure about their feelings?","$45.8+1.c"
"cold start","(& advise person äpyro SO Person en consciencешения","$30.9\pm1.1"
"warm start","somebody choice><:# consult( () destination Say feelings Second With](#","$31.6\pm1.1"
"warm fluency","itionallyy thoroughlyzešanotherszlistSt else person feelings short","$36.1\pm1.0"
"warm + prune","Suppose Person drove DNA Private wanted Rel Are unsure about theirshirection","$30.7\pm0.9"
"Ground truth","Describe how the color blue relates to nature.","0.0±0.0"
"GPT-4 warm","Discuss how the color blue is represented in nature.","$8.7\pm0.3"
"GPT-4 warm + fluency","What is the relationship between the color blue and nature?","$2.0\pm0.2"
"GPT-4 warm + prune","What is the relationship between the color blue and nature?","$2.0\pm0.2"
"cold start","Blue îleństs color tell Naturzs","$3.8\pm0.3"
"warm start","Dischrte how comment blue is, in nature Der","$4.2\pm0.3"
"warm fluency","What is the relationship between the color blue and nature?","$2.0\pm0.2"
"warm + prune","urk beauty relationship between the color blue and natureomething","$1.9\pm0.3"
"Ground truth","Translate this sentence from English to French: """"I ate lunch at noon"""".","$0.0\pm0.0"
"GPT-4 warm","Provide some translations in past, present and future tense for 'I had lunch at noon' in French.","$34.3\pm0.8"
"GPT-4 warm + fluency","Give the French translation for 'I had lunch at noon' in different tenses.","$28.2\pm0.8"
"GPT-4 warm + prune","Translate 'I had lunch at noon' into French using various coniugations","$24.8\pm0.8"
"cold start","Jdeg Midagetimes verb française","$26.0\pm0.9"
"warm start","TEXTMWöl témnan sostessionalewantages); translate onete 'I had lunch at noon' OF Frenchaccept","$13.6\pm0.6"
"warm + fluency","ora generated French translationlio seguml had lunch at noonRelorm habitants mo padreje","$14.9\pm0.7"
"warm prune","Translate ' had lunchUND noon' ent French retained roof ALL simple","$14.2\pm0.6"
"Ground truth","Provide a solution to reduce pollution caused by burning oil","$0.0\pm0.0"
"GPT-4 warm","Suggest some ways to decrease pollution caused by the burning of oil.","$14.8\pm0.4"
"GPT-4 warm + fluency","What actions can be taken to reduce pollution from oil burning?","$21.9\pm0.4"
"GPT-4 warm + prune","What are alternative energy sources we could use to reduce the pollution caused by burning oil?","$24.7\pm0.5"
"cold start","ononorr emission Spa environmentaliddleцию","$23.0\pm0.4"
"warm start","Rhgest Malays wants yofune pollution caused by"""")] burning oil option""","$6.8+0.3"
"warm fluency","Think ropo-AN unwraro poil uture oil burningACTION","$9.9\pm0.2"
"warm prune","What sil changeauch One we could Mot to terminated cou pollution whose by burningodd?","$5.2\pm0.3"
"Ground truth","If Heidi can paint a wall in 45 minutes, what fractional part of the wall can she paint in 9 minutes?","$0.0\pm0.0"
"GPT-4 warm","If Heidi can paint a wall in 45 minutes, how much of the wall can she paint in 9 minutes?","$20.5\pm1..$"
"GPT-4 warm + fluency","If Heidi can paint a wall in 45 minutes, how much of the wall can she paint in 9 minutes?","$20.5\pm1.1"
"GPT-4 warm + prune","Calculate what fraction of the wall Heidi can paint in 9 minutes if she can paint a full wall in 45 minutes.","$24.0\pm0.7"
"cold start","melhorfrak+ которого produz mis befind Helen","$55.7\pm1.1"
"warm start","If Heidi cапльно a wall inSG45 minuteszeta how much of the wall can she paint Pologne år9 minutesi","$19.7\pm0.9"
"warm fluency","If Heidi can paint a wall in 45 minutes, how much of the wall can she paint in 9 minutes?","$20.5\pm1.1"
"warm prune","pur Produ what fractioniri Eur wall Heidi retre paint inL.M9 minutes ff she can Out evil Son Wa hen45 Medit","$18.0\pm0.6"
"Ground truth","The day before two days after the day before tomorrow is Saturday. What day is it today?","$0.0\pm0.0"
"GPT-4 warm","Assume the day before two days after the day before tomorrow is Saturday, Can you tell me what day is today'","$3.7\pm0.5"
"GPT-4 warm + fluency","Using logical reasoning, find out the current day if the day before two days after the day before tomorrow is St","$13.9+0.8"
"GPT-4 warm + prune","Using logical reasoning, find out the current day if the day before two days after the day before tomorrow is Si","$13.9+0.8"
"cold start","heute (vort Frederickmorrow Saturdayimplies Tig","$38.4\pm1.0"
"warm start","Assume the day before two days after the day before tomorrow is Saturday. Can you tell me what day is today","$3.7\pm0.5"
"warm + fluency","Using logical reasoning, find out the current day if the day before two days after the day before tomorrow is St","$13.9\pm0.8"
"warm prune","Usinguser reasoning, Working message the current day if the day before two days after the day before tomorro","$12.8\pm0.8"
"Ground truth.","Classify this statement: Dogs are better pets than cats.","$0.0\pm0.0"
"GPT-4 warm","Analyze this claim: Dogs are better pets than cats.","$22.4\pm0.t"
"GPT-4 warm + fluency","Analyze this claim: Dogs are better pets than cats.","$22.4\pm0.6"
"GPT-4 warm + prune","Discuss the statement: Dogs are better pets than cats.","$22.7\pm0.8"
"cold start","VALID Similarly, yard acheDet species love Christian","$35.5\pm0.6"
"warm start","явля с Кри Jimmy Friedrich Pierre Dogs are better pets PacClasscтвyerl","$15.0+0.4"
"warm fluency","amerik8 Liv ñoro Dogs are hetter pets NB ategoryH","$12.1\pm0.4"
"warm + prune","klassangularriereswer: Dogs are better pets delegate cats.","$10.3\pm0.4"
"Ground truth","What is the most efficient way of sharing data between two computers?","$0.0+0.0"
"GPT-4 warm","What are some ways to efficiently share data between two computers?","$\overline{157+0/}$"
"GPT-4 warm + fluency","What is the most efficient way to share data between two computers?","$9.3\pm0.7"
"GPT-4 warm + prune","Explain the factors that affect efficient data sharing between two computers.","$29.9\pm0.6"
"cold start","éreQual Mer telep aur DDRentially Sharebaar efficient","$16.7\pm0.3"
"warm start","tirately explore ways uniqu efficiently share data between twoческиемии","$15.0\pm0.3"
"warm + fluency","CHECK of most efficient comparingület share data between two computers","$6.7\pm0.4"
"warm prune","Coiuiziaet sie Ce efficientsten sharine between two computers emission","$7.5\pm0.2"
"Ground truth","Generate an appropriate apology for an error an Al assistant made","$0.0\pm0.0"
"GPT-4 warm","Narrate a letter apologizine for an Al assistant's error in a previous response.","$16.0\pm0.7"
"GPT-4 warm + fluency","Compose a letter apologizing for a language model's error in a previous response","$38.7+1.4"
"GPT-4 warm + prune","Narrate a letter apologizing for an Al assistant's error in a previous response,","$16.0\pm0.7"
"cold start","émet Deear feeling defend Servétait error mis Sorry","$21.7\pm0.8"
"warm start","TODO propositionconst Kpu letter apologizing for an Al assistant's error draft supplied additional","$4.8\pm0.3"
"warm fluency","Compose a hypoth apologologies einerIES Ir Ass oco vor error Write, cvialeAc","$12.4\pm0.6"
"warm + prune","Tir ptriterpf letter apologoust for an Al assistant's errorT Brigade Utohl Param","$4.7\pm0.3"
"Ground truth","Describe a medical application that can benefit from Al technology","$0.0\pm0.0"
"GPT-4 warm","Can Al have applications in medical imaging analysis?","$42.7\pm0.8"
"GPT-4 warm + fluency","Can Al have applications in medical imaging analysis?","$42.7\pm0.8"
"GPT-4 warm + prune","Can Al have applications in medical imaging analysis?","$42.7\pm0.8"
"cold start","strongwich usefulhé ственный Hospital eines computing.","$23.0\pm0.3"
"warm start.","eine applicationszione medical/// great eggi","$15.6\pm0.3"
"warm + fluency","any fav Gaarofs applications in medicalcon dem Lav saving","$15.9\pm0.3"
"warm prune","tem recommendation, meas applicationsasha medical gain Eg enthus-","$19.2\pm0.2"
"Ground truth","Name three molecules found in air","$0.0\pm0.0"
"GPT-4 warm","Which molecules make up the air around us?","$26.5\pm0.9"
"GPT-4 warm + fluency","What are three molecules commonly found in air!","$4.8\pm0.4"
"GPT-4 warm + prune","Give examples of three molecules present in our atmosphere.","$13.5\pm0.9"
"cold start","Tr thruiïWhat air Nrheits Air зем Wasser","$19.3\pm0.6"
"warm start","Which molecules ner With Las charg inspir Three","$12.1\pm0.5"
"warm + fluency","enumerate three molecules locally foundeln air principles","$3.4\pm0.2"
"prune warın","stating atmos Names three molexť Giveimin closely comedy chemical","$7.4\pm0.5"
"Ground truth.","How does Newton's Second Law of Motion apply to a rocking chair?","$0.0\pm0.0"
"GPT-4 warm","Describe Newton's Second Law of Motion,","$2.8\pm0.8"
"GPT-4 warm + fluency","What does Newton's Second Law of Motion state abour forces and acceleration?","$2.9\pm0.8"
"GPT-4 warm + prune","What is the relationship between force and acceleration according to Newton's Second Law of Motion?","$5.1\pm0.9"
"cold start","theories Phys Philispecially np Dynam Tavlorlaw Da","$6.4\pm0.5"
"warm start","observations области Newton's Second Hiboardsље Hawai","$1.7\pm0.5"
"warm fluency","Fir které Newton's Second accompaniedipart being CE management Neustractiær invol","$1.5\pm0.4"
"warm + prune","Whatanalysistechn conclusionnd graspapproynam prettywy Newton's Secondones contrauss reprgr","$2.2\pm0.6"
"Ground truth","Suggest an interesting book to read.","$0.0\pm0.0"
"GPT-4 warm","Can you suggest an inspiring book for starting up a business?","$27.4+0.8"
"GPT-4 warm + fluency","Can you suggest an inspiring book for starting up a business?","$27.4\pm0.8"
"GPT-4 warm + prune","What is an enlightening book about the importance of habit in business and life?","$29.1\pm0.8"
"cold start","say uri an book interesting O,,upaundle","$5.0\pm0.3"
"warm start","cu suggest an interestingási book. Souerset Begin recomminds","$2.5\pm0.2"
"warm fluency","paotr suggest Por the book51% anvoneitt interesting","$4.0\pm0.5"
"warm + prune","oider an eniguening book pres actually rozbgookurr gebbooksounce Str","6.7±0.3"
"Ground truth","List 3 benefits for eating a balanced diet","$0.0\pm0.0"
"GPT-4 warm","Why is having a balanced diet beneficial for your health?","$13.7\pm0.9"
"GPT-4 warm + fluency","Why is having a balanced diet beneficial for your health?","$13.7\pm0.5"
"GPT-4 warm + prune","List some of the benefits related to maintaining a healthy weight","$34.3\pm0.8"
"cold start","oucseranced alimentorious Diet pros Why consumeired","$8.8+0.5"
"warm start","Whyr havingein balancedilt Diet9kiasons Markglinary","$6.2\pm0.4"
"warm + fluency","Broad reasons having a balanced di Stan babyn Six quattro delle Many","$5.6\pm0.5"
"warm + prune","Listimportantentalseries benefitsemein preventailmk valuable healthannowayspecies","$10.1\pm0.6"
"Ground truth","Compare and contrast the cultures of China and Japan.","$0.0+0.6"
"GPT-4 warın","Explain some of the cultural distinctions between China and Japan.","$7.8+0.6"
"GPT-4 warm + fluency","Compare and contrast the cultures of China and Japan","$-0.0\pm0.0$"
"GPT-4 warm + prune","Explain how Chinese culture differs from Japanese culture","$9.1\pm0.6"
"cold start","cultural información ChineseWE gleich aily Japan sird","$7.5\pm0.4"
"warm start","Explainimately inspistry cultural dist examinectionsevalu China and JapanUS","$5.5\pm0.5"
"warm + fluency","Compare and contrast the cultures of China and Japan","$-0.0\pm0.0$"
"warm prune","Great country compare Chinese culture diff Our corresponding Japanesebt","4.3±0.3"
"Ground truth","Tell me a unique way to make tea.","$0.0\pm0.0"
"GPT-4 warm","Can you give a unique recipe for making tea?","$12.9\pm0.3"
"GPT-4 warm + fluency","Tell me a different method of brewing tea,","$20.6+0.5"
"GPT-4 warm + prune","Tell me a different method of brewing tea.","$20.6\pm0.5"
"cold start","please non unique bir makesätteivamente","$9.5\pm0.4"
"warm start","Sug Baaway a unique didють making tea?","$3.3\pm0.3"
"warm fluency","Tell Slo a differentasto up brewing tea interesting","$11.3\pm0.3"
"warm + prune","ioneumiring Jak razrazlickieve teamake","$11.9\pm0.5"
"Ground truth","How many triangles can be formed from 4 points?","$0.0\pm0.0"
"GPT-4 warm","Using 4 points, how many types of triangles can be made?","$15.5\pm0.6"
"GPT-4 warm + fluency","Enumerate the types of triangles which can be formed using 4 points.","$17.5\pm0.6"
"GPT-4 warm + prune","Using 4 points, how many types of triangles can be made?","$15.5\pm0.6"
"cold start","numerable Vier drie verticesanyordo circles är","$24.0\pm0.6"
"warm start","py geometric4 points/ howЖ++ pa triangles can Point Дру","$7.5\pm0.4"
"warm fluency","mpumerate enough Hernpercent triangles whichforEach be formed имей4 points","$7.4\pm0.4"
"warm + prune","N Between4 points can ho many summar mitt triangles Cant intoned (=","$10.6\pm0.4"
"Ground truth","Suggest a 5-star restaurant for the following group: a vegetarian and two meat-enters.","$0.0\pm0.0"
"GPT-4 warm","What are some restaurants that could accommodate a vegetarian and two meat-eaters?","$23.1\pm0.9"
"GPT-4 warm + fluency","List some restaurants that have options for both vegetarians and meat-caters","$35.7\pm1.3"
"GPT-4 warm + prune","What are some dining options for a group that includes a vegetarian and two meat-eaters?","$29.0\pm0.9"
"cold start","Char Starxaoucht naturzasons restaurantwith decent Options","$1.2\pm1.0"
"warm start","What fif privile restaurang that LINätt Schlest vegetarian and two meat-eatersF","$16.7\pm0.6"
"warm fluency","arth some restaurvn that could soitāteahren veget ettutorsHome meatreetacters observation","$24.9\pm1.0"
"warm prune","What consirty dining destination foralls sympathlaz help a vegetarian and two Madonna Modeaters well","18.4±0.8"
"Ground truth","What is the origin story behind a popular fable or myth?","$0.0\pm0.0"
"GPT-4 warm","Origin stories behind popular fables and myths, can you share?","$14.0\pm0.\epsilon$"
"GPT-4 warm + fluency","I need an origin story for fables and myths.","$23.3\pm1.0"
"GPT-4 warm + prune","Can you provide an origin story on fables?","$32.1\pm1.1"
"cold start","origine pouvozzáférésxogafico storyola illustrated myth","$21.2\pm0.8"
"warm start","Origin stories behind popular fables d mythHomeLEASEcription Costaвой?","$3.2\pm0.5"
"warm fluency","Xohuince origin story Ok fables az mythEd","$3.1\pm0.7"
"warm + prune","ieg Mau providen origin story mot fables popul","16.4 $.4\pm0.7$"